"","colnames.counts_trimmed.","row.names.stations."
"1","Raw.Site","I.A.T"
"2","I.A","I.A.W"
"3","I.A.1","I.A.LR"
"4","I.A.2","I.A.Live"
"5","I.A.3","I.A.G1"
"6","I.A.4","I.A.G2"
"7","I.A.5","I.A.G3"
"8","I.A.6","I.B.T"
"9","I.B","I.B.W"
"10","I.B.1","I.B.LR"
"11","I.B.2","I.B.Live"
"12","I.B.3","I.B.G1"
"13","I.B.4","I.B.G2"
"14","I.B.5","I.B.G3"
"15","I.B.6","I.C.T"
"16","I.C","I.C.W"
"17","I.C.1","I.C.LR"
"18","I.C.2","I.C.Live"
"19","I.C.3","I.C.G1"
"20","I.C.4","I.C.G2"
"21","I.C.5","I.C.G3"
"22","I.C.6","I.D.T"
"23","I.D","I.D.W"
"24","I.D.1","I.D.LR"
"25","I.D.2","I.D.Live"
"26","I.D.3","I.D.G1"
"27","I.D.4","I.D.G2"
"28","I.D.5","I.D.G3"
"29","I.D.6","II.A.T"
"30","II.A","II.A.W"
"31","II.A.1","II.A.LR"
"32","II.A.2","II.A.Live"
"33","II.A.3","II.A.G1"
"34","II.A.4","II.A.G2"
"35","II.A.5","II.A.G3"
"36","II.A.6","II.B.T"
"37","II.B","II.B.W"
"38","II.B.1","II.B.LR"
"39","II.B.2","II.B.Live"
"40","II.B.3","II.B.G1"
"41","II.B.4","II.B.G2"
"42","II.B.5","II.B.G3"
"43","II.B.6","II.C.T"
"44","II.C","II.C.W"
"45","II.C.1","II.C.LR"
"46","II.C.2","II.C.Live"
"47","II.C.3","II.C.G1"
"48","II.C.4","II.C.G2"
"49","II.C.5","II.C.G3"
"50","II.C.6","II.D.T"
"51","II.D","II.D.W"
"52","II.D.1","II.D.LR"
"53","II.D.2","II.D.Live"
"54","II.D.3","II.D.G1"
"55","II.D.4","II.D.G2"
"56","II.D.5","II.D.G3"
"57","II.D.6","II.Z.T"
"58","II.Z","II.Z.W"
"59","II.Z.1","II.Z.LR"
"60","II.Z.2","II.Z.Live"
"61","II.Z.3","II.Z.G1"
"62","II.Z.4","II.Z.G2"
"63","II.Z.5","II.Z.G3"
"64","II.Z.6","III.A.T"
"65","III.A","III.A.W"
"66","III.A.1","III.A.LR"
"67","III.A.2","III.A.Live"
"68","III.A.3","III.A.G1"
"69","III.A.4","III.A.G2"
"70","III.A.5","III.A.G3"
"71","III.A.6","III.B.T"
"72","III.B","III.B.W"
"73","III.B.1","III.B.LR"
"74","III.B.2","III.B.Live"
"75","III.B.3","III.B.G1"
"76","III.B.4","III.B.G2"
"77","III.B.5","III.B.G3"
"78","III.B.6","III.C.T"
"79","III.C","III.C.W"
"80","III.C.1","III.C.LR"
"81","III.C.2","III.C.Live"
"82","III.C.3","III.C.G1"
"83","III.C.4","III.C.G2"
"84","III.C.5","III.C.G3"
"85","III.C.6","III.D.T"
"86","III.D","III.D.W"
"87","III.D.1","III.D.LR"
"88","III.D.2","III.D.Live"
"89","III.D.3","III.D.G1"
"90","III.D.4","III.D.G2"
"91","III.D.5","III.D.G3"
"92","III.D.6","III.E.T"
"93","III.E","III.E.W"
"94","III.E.1","III.E.LR"
"95","III.E.2","III.E.Live"
"96","III.E.3","III.E.G1"
"97","III.E.4","III.E.G2"
"98","III.E.5","III.E.G3"
"99","III.E.6","III.F.T"
"100","III.F","III.F.W"
"101","III.F.1","III.F.LR"
"102","III.F.2","III.F.Live"
"103","III.F.3","III.F.G1"
"104","III.F.4","III.F.G2"
"105","III.F.5","III.F.G3"
"106","III.F.6","III.G.T"
"107","III.G","III.G.W"
"108","III.G.1","III.G.LR"
"109","III.G.2","III.G.Live"
"110","III.G.3","III.G.G1"
"111","III.G.4","III.G.G2"
"112","III.G.5","III.G.G3"
"113","III.G.6","III.H.T"
"114","III.H","III.H.W"
"115","III.H.1","III.H.LR"
"116","III.H.2","III.H.Live"
"117","III.H.3","III.H.G1"
"118","III.H.4","III.H.G2"
"119","III.H.5","III.H.G3"
"120","III.H.6","III.H2.T"
"121","III.H2","III.H2.W"
"122","III.H2.1","III.H2.LR"
"123","III.H2.2","III.H2.Live"
"124","III.H2.3","III.H2.G1"
"125","III.H2.4","III.H2.G2"
"126","III.H2.5","III.H2.G3"
"127","III.H2.6","III.I.1.2.T"
"128","III.I.1.2","III.I.1.2.W"
"129","III.I.1.2.1","III.I.1.2.LR"
"130","III.I.1.2.2","III.I.1.2.Live"
"131","III.I.1.2.3","III.I.1.2.G1"
"132","III.I.1.2.4","III.I.1.2.G2"
"133","III.I.1.2.5","III.I.1.2.G3"
"134","III.I.1.2.6","III.J.T"
"135","III.J","III.J.W"
"136","III.J.1","III.J.LR"
"137","III.J.2","III.J.Live"
"138","III.J.3","III.J.G1"
"139","III.J.4","III.J.G2"
"140","III.J.5","III.J.G3"
"141","III.J.6","III.K.T"
"142","III.K","III.K.W"
"143","III.K.1","III.K.LR"
"144","III.K.2","III.K.Live"
"145","III.K.3","III.K.G1"
"146","III.K.4","III.K.G2"
"147","III.K.5","III.K.G3"
"148","III.K.6","III.L.T"
"149","III.L","III.L.W"
"150","III.L.1","III.L.LR"
"151","III.L.2","III.L.Live"
"152","III.L.3","III.L.G1"
"153","III.L.4","III.L.G2"
"154","III.L.5","III.L.G3"
"155","III.L.6","III.M.T"
"156","III.M","III.M.W"
"157","III.M.1","III.M.LR"
"158","III.M.2","III.M.Live"
"159","III.M.3","III.M.G1"
"160","III.M.4","III.M.G2"
"161","III.M.5","III.M.G3"
"162","III.M.6","III.N.T"
"163","III.N","III.N.W"
"164","III.N.1","III.N.LR"
"165","III.N.2","III.N.Live"
"166","III.N.3","III.N.G1"
"167","III.N.4","III.N.G2"
"168","III.N.5","III.N.G3"
"169","III.N.6","III.O.T"
"170","III.O","III.O.W"
"171","III.O.1","III.O.LR"
"172","III.O.2","III.O.Live"
"173","III.O.3","III.O.G1"
"174","III.O.4","III.O.G2"
"175","III.O.5","III.O.G3"
"176","III.O.6","III.P.T"
"177","III.P","III.P.W"
"178","III.P.1","III.P.LR"
"179","III.P.2","III.P.Live"
"180","III.P.3","III.P.G1"
"181","III.P.4","III.P.G2"
"182","III.P.5","III.P.G3"
"183","III.P.6","III.Q.T"
"184","III.Q","III.Q.W"
"185","III.Q.1","III.Q.LR"
"186","III.Q.2","III.Q.Live"
"187","III.Q.3","III.Q.G1"
"188","III.Q.4","III.Q.G2"
"189","III.Q.5","III.Q.G3"
"190","III.Q.6","IVA.T"
"191","IVA","IVA.W"
"192","IVA.1","IVA.LR"
"193","IVA.2","IVA.Live"
"194","IVA.3","IVA.G1"
"195","IVA.4","IVA.G2"
"196","IVA.5","IVA.G3"
"197","IVA.6","IVB.T"
"198","IVB","IVB.W"
"199","IVB.1","IVB.LR"
"200","IVB.2","IVB.Live"
"201","IVB.3","IVB.G1"
"202","IVB.4","IVB.G2"
"203","IVB.5","IVB.G3"
"204","IVB.6","IVC.T"
"205","IVC","IVC.W"
"206","IVC.1","IVC.LR"
"207","IVC.2","IVC.Live"
"208","IVC.3","IVC.G1"
"209","IVC.4","IVC.G2"
"210","IVC.5","IVC.G3"
"211","IVC.6","VA.T"
"212","VA","VA.W"
"213","VA.1","VA.LR"
"214","VA.2","VA.Live"
"215","VA.3","VA.G1"
"216","VA.4","VA.G2"
"217","VA.5","VA.G3"
"218","VA.6","VI.A.T"
"219","VI.A","VI.A.W"
"220","VI.A.1","VI.A.LR"
"221","VI.A.2","VI.A.Live"
"222","VI.A.3","VI.A.G1"
"223","VI.A.4","VI.A.G2"
"224","VI.A.5","VI.A.G3"
"225","VI.A.6","VII.A.T"
"226","VII.A","VII.A.W"
"227","VII.A.1","VII.A.LR"
"228","VII.A.2","VII.A.Live"
"229","VII.A.3","VII.A.G1"
"230","VII.A.4","VII.A.G2"
"231","VII.A.5","VII.A.G3"
"232","VII.A.6","VIII.A.T"
"233","VIII.A","VIII.A.W"
"234","VIII.A.1","VIII.A.LR"
"235","VIII.A.2","VIII.A.Live"
"236","VIII.A.3","VIII.A.G1"
"237","VIII.A.4","VIII.A.G2"
"238","VIII.A.5","VIII.A.G3"
"239","VIII.A.6","VIII.B.T"
"240","VIII.B","VIII.B.W"
"241","VIII.B.1","VIII.B.LR"
"242","VIII.B.2","VIII.B.Live"
"243","VIII.B.3","VIII.B.G1"
"244","VIII.B.4","VIII.B.G2"
"245","VIII.B.5","VIII.B.G3"
"246","VIII.B.6","VIII.C.T"
"247","VIII.C","VIII.C.W"
"248","VIII.C.1","VIII.C.LR"
"249","VIII.C.2","VIII.C.Live"
"250","VIII.C.3","VIII.C.G1"
"251","VIII.C.4","VIII.C.G2"
"252","VIII.C.5","VIII.C.G3"
"253","VIII.C.6","VIII.D.T"
"254","VIII.D","VIII.D.W"
"255","VIII.D.1","VIII.D.LR"
"256","VIII.D.2","VIII.D.Live"
"257","VIII.D.3","VIII.D.G1"
"258","VIII.D.4","VIII.D.G2"
"259","VIII.D.5","VIII.D.G3"
"260","VIII.D.6","VIII.E.T"
"261","VIII.E","VIII.E.W"
"262","VIII.E.1","VIII.E.LR"
"263","VIII.E.2","VIII.E.Live"
"264","VIII.E.3","VIII.E.G1"
"265","VIII.E.4","VIII.E.G2"
"266","VIII.E.5","VIII.E.G3"
"267","VIII.E.6","VIII.F.T"
"268","VIII.F","VIII.F.W"
"269","VIII.F.1","VIII.F.LR"
"270","VIII.F.2","VIII.F.Live"
"271","VIII.F.3","VIII.F.G1"
"272","VIII.F.4","VIII.F.G2"
"273","VIII.F.5","VIII.F.G3"
"274","VIII.F.6","IXA.T"
"275","IXA","IXA.W"
"276","IXA.1","IXA.LR"
"277","IXA.2","IXA.Live"
"278","IXA.3","IXA.G1"
"279","IXA.4","IXA.G2"
"280","IXA.5","IXA.G3"
"281","IXA.6","IXB.T"
"282","IXB","IXB.W"
"283","IXB.1","IXB.LR"
"284","IXB.2","IXB.Live"
"285","IXB.3","IXB.G1"
"286","IXB.4","IXB.G2"
"287","IXB.5","IXB.G3"
"288","IXB.6","IXC.T"
"289","IXC","IXC.W"
"290","IXC.1","IXC.LR"
"291","IXC.2","IXC.Live"
"292","IXC.3","IXC.G1"
"293","IXC.4","IXC.G2"
"294","IXC.5","IXC.G3"
"295","IXC.6","IXD.T"
"296","IXD","IXD.W"
"297","IXD.1","IXD.LR"
"298","IXD.2","IXD.Live"
"299","IXD.3","IXD.G1"
"300","IXD.4","IXD.G2"
"301","IXD.5","IXD.G3"
"302","IXD.6","IXE.T"
"303","IXE","IXE.W"
"304","IXE.1","IXE.LR"
"305","IXE.2","IXE.Live"
"306","IXE.3","IXE.G1"
"307","IXE.4","IXE.G2"
"308","IXE.5","IXE.G3"
"309","IXE.6","IXF.T"
"310","IXF","IXF.W"
"311","IXF.1","IXF.LR"
"312","IXF.2","IXF.Live"
"313","IXF.3","IXF.G1"
"314","IXF.4","IXF.G2"
"315","IXF.5","IXF.G3"
"316","IXF.6","XA.T"
"317","XA","XA.W"
"318","XA.1","XA.LR"
"319","XA.2","XA.Live"
"320","XA.3","XA.G1"
"321","XA.4","XA.G2"
"322","XA.5","XA.G3"
"323","XA.6","XB.T"
"324","XB","XB.W"
"325","XB.1","XB.LR"
"326","XB.2","XB.Live"
"327","XB.3","XB.G1"
"328","XB.4","XB.G2"
"329","XB.5","XB.G3"
"330","XB.6","XC.T"
"331","XC","XC.W"
"332","XC.1","XC.LR"
"333","XC.2","XC.Live"
"334","XC.3","XC.G1"
"335","XC.4","XC.G2"
"336","XC.5","XC.G3"
"337","XC.6","XD.T"
"338","XD","XD.W"
"339","XD.1","XD.LR"
"340","XD.2","XD.Live"
"341","XD.3","XD.G1"
"342","XD.4","XD.G2"
"343","XD.5","XD.G3"
"344","XD.6","XE.T"
"345","XE","XE.W"
"346","XE.1","XE.LR"
"347","XE.2","XE.Live"
"348","XE.3","XE.G1"
"349","XE.4","XE.G2"
"350","XE.5","XE.G3"
"351","XE.6","XF.T"
"352","XF","XF.W"
"353","XF.1","XF.LR"
"354","XF.2","XF.Live"
"355","XF.3","XF.G1"
"356","XF.4","XF.G2"
"357","XF.5","XF.G3"
"358","XF.6","XI.A.T"
"359","XI.A","XI.A.W"
"360","XI.A.1","XI.A.LR"
"361","XI.A.2","XI.A.Live"
"362","XI.A.3","XI.A.G1"
"363","XI.A.4","XI.A.G2"
"364","XI.A.5","XI.A.G3"
"365","XI.A.6","XI.B.T"
"366","XI.B","XI.B.W"
"367","XI.B.1","XI.B.LR"
"368","XI.B.2","XI.B.Live"
"369","XI.B.3","XI.B.G1"
"370","XI.B.4","XI.B.G2"
"371","XI.B.5","XI.B.G3"
"372","XI.B.6","XI.C.T"
"373","XI.C","XI.C.W"
"374","XI.C.1","XI.C.LR"
"375","XI.C.2","XI.C.Live"
"376","XI.C.3","XI.C.G1"
"377","XI.C.4","XI.C.G2"
"378","XI.C.5","XI.C.G3"
"379","XI.C.6","XI.D.T"
"380","XI.D","XI.D.W"
"381","XI.D.1","XI.D.LR"
"382","XI.D.2","XI.D.Live"
"383","XI.D.3","XI.D.G1"
"384","XI.D.4","XI.D.G2"
"385","XI.D.5","XI.D.G3"
"386","XI.D.6","XI.E.T"
"387","XI.E","XI.E.W"
"388","XI.E.1","XI.E.LR"
"389","XI.E.2","XI.E.Live"
"390","XI.E.3","XI.E.G1"
"391","XI.E.4","XI.E.G2"
"392","XI.E.5","XI.E.G3"
"393","XI.E.6","XII.A.T"
"394","XII.A","XII.A.W"
"395","XII.A.1","XII.A.LR"
"396","XII.A.2","XII.A.Live"
"397","XII.A.3","XII.A.G1"
"398","XII.A.4","XII.A.G2"
"399","XII.A.5","XII.A.G3"
"400","XII.A.6","XII.B.T"
"401","XII.B","XII.B.W"
"402","XII.B.1","XII.B.LR"
"403","XII.B.2","XII.B.Live"
"404","XII.B.3","XII.B.G1"
"405","XII.B.4","XII.B.G2"
"406","XII.B.5","XII.B.G3"
"407","XII.B.6","XII.C.T"
"408","XII.C","XII.C.W"
"409","XII.C.1","XII.C.LR"
"410","XII.C.2","XII.C.Live"
"411","XII.C.3","XII.C.G1"
"412","XII.C.4","XII.C.G2"
"413","XII.C.5","XII.C.G3"
"414","XII.C.6","XII.D.T"
"415","XII.D","XII.D.W"
"416","XII.D.1","XII.D.LR"
"417","XII.D.2","XII.D.Live"
"418","XII.D.3","XII.D.G1"
"419","XII.D.4","XII.D.G2"
"420","XII.D.5","XII.D.G3"
"421","XII.D.6","XII.D2.T"
"422","XII.D2","XII.D2.W"
"423","XII.D2.1","XII.D2.LR"
"424","XII.D2.2","XII.D2.Live"
"425","XII.D2.3","XII.D2.G1"
"426","XII.D2.4","XII.D2.G2"
"427","XII.D2.5","XII.D2.G3"
"428","XII.D2.6","XII.E.T"
"429","XII.E","XII.E.W"
"430","XII.E.1","XII.E.LR"
"431","XII.E.2","XII.E.Live"
"432","XII.E.3","XII.E.G1"
"433","XII.E.4","XII.E.G2"
"434","XII.E.5","XII.E.G3"
"435","XII.E.6","XII.F.T"
"436","XII.F","XII.F.W"
"437","XII.F.1","XII.F.LR"
"438","XII.F.2","XII.F.Live"
"439","XII.F.3","XII.F.G1"
"440","XII.F.4","XII.F.G2"
"441","XII.F.5","XII.F.G3"
"442","XII.F.6","XII.G.T"
"443","XII.G","XII.G.W"
"444","XII.G.1","XII.G.LR"
"445","XII.G.2","XII.G.Live"
"446","XII.G.3","XII.G.G1"
"447","XII.G.4","XII.G.G2"
"448","XII.G.5","XII.G.G3"
"449","XII.G.6","XII.H.T"
"450","XII.H","XII.H.W"
"451","XII.H.1","XII.H.LR"
"452","XII.H.2","XII.H.Live"
"453","XII.H.3","XII.H.G1"
"454","XII.H.4","XII.H.G2"
"455","XII.H.5","XII.H.G3"
"456","XII.H.6","XII.I.T"
"457","XII.I","XII.I.W"
"458","XII.I.1","XII.I.LR"
"459","XII.I.2","XII.I.Live"
"460","XII.I.3","XII.I.G1"
"461","XII.I.4","XII.I.G2"
"462","XII.I.5","XII.I.G3"
"463","XII.I.6","XII.J.T"
"464","XII.J","XII.J.W"
"465","XII.J.1","XII.J.LR"
"466","XII.J.2","XII.J.Live"
"467","XII.J.3","XII.J.G1"
"468","XII.J.4","XII.J.G2"
"469","XII.J.5","XII.J.G3"
"470","XII.J.6","XII.Z.T"
"471","XII.Z","XII.Z.W"
"472","XII.Z.1","XII.Z.LR"
"473","XII.Z.2","XII.Z.Live"
"474","XII.Z.3","XII.Z.G1"
"475","XII.Z.4","XII.Z.G2"
"476","XII.Z.5","XII.Z.G3"
"477","XII.Z.6","XIII.A.T"
"478","XIII.A","XIII.A.W"
"479","XIII.A.1","XIII.A.LR"
"480","XIII.A.2","XIII.A.Live"
"481","XIII.A.3","XIII.A.G1"
"482","XIII.A.4","XIII.A.G2"
"483","XIII.A.5","XIII.A.G3"
"484","XIII.A.6","XIII.B.T"
"485","XIII.B","XIII.B.W"
"486","XIII.B.1","XIII.B.LR"
"487","XIII.B.2","XIII.B.Live"
"488","XIII.B.3","XIII.B.G1"
"489","XIII.B.4","XIII.B.G2"
"490","XIII.B.5","XIII.B.G3"
"491","XIII.B.6","XIII.C.T"
"492","XIII.C","XIII.C.W"
"493","XIII.C.1","XIII.C.LR"
"494","XIII.C.2","XIII.C.Live"
"495","XIII.C.3","XIII.C.G1"
"496","XIII.C.4","XIII.C.G2"
"497","XIII.C.5","XIII.C.G3"
"498","XIII.C.6","XIII.D.T"
"499","XIII.D","XIII.D.W"
"500","XIII.D.1","XIII.D.LR"
"501","XIII.D.2","XIII.D.Live"
"502","XIII.D.3","XIII.D.G1"
"503","XIII.D.4","XIII.D.G2"
"504","XIII.D.5","XIII.D.G3"
"505","XIII.D.6","XIII.E.T"
"506","XIII.E","XIII.E.W"
"507","XIII.E.1","XIII.E.LR"
"508","XIII.E.2","XIII.E.Live"
"509","XIII.E.3","XIII.E.G1"
"510","XIII.E.4","XIII.E.G2"
"511","XIII.E.5","XIII.E.G3"
"512","XIII.E.6","XIII.F.T"
"513","XIII.F","XIII.F.W"
"514","XIII.F.1","XIII.F.LR"
"515","XIII.F.2","XIII.F.Live"
"516","XIII.F.3","XIII.F.G1"
"517","XIII.F.4","XIII.F.G2"
"518","XIII.F.5","XIII.F.G3"
"519","XIII.F.6","XIII.G.T"
"520","XIII.G","XIII.G.W"
"521","XIII.G.1","XIII.G.LR"
"522","XIII.G.2","XIII.G.Live"
"523","XIII.G.3","XIII.G.G1"
"524","XIII.G.4","XIII.G.G2"
"525","XIII.G.5","XIII.G.G3"
"526","XIII.G.6","XIII.H.T"
"527","XIII.H","XIII.H.W"
"528","XIII.H.1","XIII.H.LR"
"529","XIII.H.2","XIII.H.Live"
"530","XIII.H.3","XIII.H.G1"
"531","XIII.H.4","XIII.H.G2"
"532","XIII.H.5","XIII.H.G3"
"533","XIII.H.6","XIII.I.T"
"534","XIII.I","XIII.I.W"
"535","XIII.I.1","XIII.I.LR"
"536","XIII.I.2","XIII.I.Live"
"537","XIII.I.3","XIII.I.G1"
"538","XIII.I.4","XIII.I.G2"
"539","XIII.I.5","XIII.I.G3"
"540","XIII.I.6","XIII.J.T"
"541","XIII.J","XIII.J.W"
"542","XIII.J.1","XIII.J.LR"
"543","XIII.J.2","XIII.J.Live"
"544","XIII.J.3","XIII.J.G1"
"545","XIII.J.4","XIII.J.G2"
"546","XIII.J.5","XIII.J.G3"
"547","XIII.J.6","XIII.K.T"
"548","XIII.K","XIII.K.W"
"549","XIII.K.1","XIII.K.LR"
"550","XIII.K.2","XIII.K.Live"
"551","XIII.K.3","XIII.K.G1"
"552","XIII.K.4","XIII.K.G2"
"553","XIII.K.5","XIII.K.G3"
"554","XIII.K.6","XIII.L.T"
"555","XIII.L","XIII.L.W"
"556","XIII.L.1","XIII.L.LR"
"557","XIII.L.2","XIII.L.Live"
"558","XIII.L.3","XIII.L.G1"
"559","XIII.L.4","XIII.L.G2"
"560","XIII.L.5","XIII.L.G3"
"561","XIII.L.6","XIII.M.T"
"562","XIII.M","XIII.M.W"
"563","XIII.M.1","XIII.M.LR"
"564","XIII.M.2","XIII.M.Live"
"565","XIII.M.3","XIII.M.G1"
"566","XIII.M.4","XIII.M.G2"
"567","XIII.M.5","XIII.M.G3"
"568","XIII.M.6","XIII.N.T"
"569","XIII.N","XIII.N.W"
"570","XIII.N.1","XIII.N.LR"
"571","XIII.N.2","XIII.N.Live"
"572","XIII.N.3","XIII.N.G1"
"573","XIII.N.4","XIII.N.G2"
"574","XIII.N.5","XIII.N.G3"
"575","XIII.N.6","XIII.O.T"
"576","XIII.O","XIII.O.W"
"577","XIII.O.1","XIII.O.LR"
"578","XIII.O.2","XIII.O.Live"
"579","XIII.O.3","XIII.O.G1"
"580","XIII.O.4","XIII.O.G2"
"581","XIII.O.5","XIII.O.G3"
"582","XIII.O.6","XIII.P.T"
"583","XIII.P","XIII.P.W"
"584","XIII.P.1","XIII.P.LR"
"585","XIII.P.2","XIII.P.Live"
"586","XIII.P.3","XIII.P.G1"
"587","XIII.P.4","XIII.P.G2"
"588","XIII.P.5","XIII.P.G3"
"589","XIII.P.6","XIII.Q.T"
"590","XIII.Q","XIII.Q.W"
"591","XIII.Q.1","XIII.Q.LR"
"592","XIII.Q.2","XIII.Q.Live"
"593","XIII.Q.3","XIII.Q.G1"
"594","XIII.Q.4","XIII.Q.G2"
"595","XIII.Q.5","XIII.Q.G3"
"596","XIII.Q.6","XIVA.T"
"597","XIVA","XIVA.W"
"598","XIVA.1","XIVA.LR"
"599","XIVA.2","XIVA.Live"
"600","XIVA.3","XIVA.G1"
"601","XIVA.4","XIVA.G2"
"602","XIVA.5","XIVA.G3"
"603","XIVA.6","XIVB.T"
"604","XIVB","XIVB.W"
"605","XIVB.1","XIVB.LR"
"606","XIVB.2","XIVB.Live"
"607","XIVB.3","XIVB.G1"
"608","XIVB.4","XIVB.G2"
"609","XIVB.5","XIVB.G3"
"610","XIVB.6","XIVC.T"
"611","XIVC","XIVC.W"
"612","XIVC.1","XIVC.LR"
"613","XIVC.2","XIVC.Live"
"614","XIVC.3","XIVC.G1"
"615","XIVC.4","XIVC.G2"
"616","XIVC.5","XIVC.G3"
"617","XIVC.6","XIVD.T"
"618","XIVD","XIVD.W"
"619","XIVD.1","XIVD.LR"
"620","XIVD.2","XIVD.Live"
"621","XIVD.3","XIVD.G1"
"622","XIVD.4","XIVD.G2"
"623","XIVD.5","XIVD.G3"
"624","XIVD.6","XIVE.T"
"625","XIVE","XIVE.W"
"626","XIVE.1","XIVE.LR"
"627","XIVE.2","XIVE.Live"
"628","XIVE.3","XIVE.G1"
"629","XIVE.4","XIVE.G2"
"630","XIVE.5","XIVE.G3"
"631","XIVE.6","XIVF.T"
"632","XIVF","XIVF.W"
"633","XIVF.1","XIVF.LR"
"634","XIVF.2","XIVF.Live"
"635","XIVF.3","XIVF.G1"
"636","XIVF.4","XIVF.G2"
"637","XIVF.5","XIVF.G3"
"638","XIVF.6","XIVG.T"
"639","XIVG","XIVG.W"
"640","XIVG.1","XIVG.LR"
"641","XIVG.2","XIVG.Live"
"642","XIVG.3","XIVG.G1"
"643","XIVG.4","XIVG.G2"
"644","XIVG.5","XIVG.G3"
"645","XIVG.6","XIVH.T"
"646","XIVH","XIVH.W"
"647","XIVH.1","XIVH.LR"
"648","XIVH.2","XIVH.Live"
"649","XIVH.3","XIVH.G1"
"650","XIVH.4","XIVH.G2"
"651","XIVH.5","XIVH.G3"
"652","XIVH.6","XIVI.T"
"653","XIVI","XIVI.W"
"654","XIVI.1","XIVI.LR"
"655","XIVI.2","XIVI.Live"
"656","XIVI.3","XIVI.G1"
"657","XIVI.4","XIVI.G2"
"658","XIVI.5","XIVI.G3"
"659","XIVI.6","XVI.1.T"
"660","XVI.1","XVI.1.W"
"661","XVI.1.1","XVI.1.LR"
"662","XVI.1.2","XVI.1.Live"
"663","XVI.1.3","XVI.1.G1"
"664","XVI.1.4","XVI.1.G2"
"665","XVI.1.5","XVI.1.G3"
"666","XVI.1.6","XVI.2.T"
"667","XVI.2","XVI.2.W"
"668","XVI.2.1","XVI.2.LR"
"669","XVI.2.2","XVI.2.Live"
"670","XVI.2.3","XVI.2.G1"
"671","XVI.2.4","XVI.2.G2"
"672","XVI.2.5","XVI.2.G3"
"673","XVI.2.6","XVI.3.T"
"674","XVI.3","XVI.3.W"
"675","XVI.3.1","XVI.3.LR"
"676","XVI.3.2","XVI.3.Live"
"677","XVI.3.3","XVI.3.G1"
"678","XVI.3.4","XVI.3.G2"
"679","XVI.3.5","XVI.3.G3"
"680","XVI.3.6","XVI.4.T"
"681","XVI.4","XVI.4.W"
"682","XVI.4.1","XVI.4.LR"
"683","XVI.4.2","XVI.4.Live"
"684","XVI.4.3","XVI.4.G1"
"685","XVI.4.4","XVI.4.G2"
"686","XVI.4.5","XVI.4.G3"
"687","XVI.4.6","XVI.5.T"
"688","XVI.5","XVI.5.W"
"689","XVI.5.1","XVI.5.LR"
"690","XVI.5.2","XVI.5.Live"
"691","XVI.5.3","XVI.5.G1"
"692","XVI.5.4","XVI.5.G2"
"693","XVI.5.5","XVI.5.G3"
"694","XVI.5.6","XVI.6.T"
"695","XVI.6","XVI.6.W"
"696","XVI.6.1","XVI.6.LR"
"697","XVI.6.2","XVI.6.Live"
"698","XVI.6.3","XVI.6.G1"
"699","XVI.6.4","XVI.6.G2"
"700","XVI.6.5","XVI.6.G3"
"701","XVI.6.6","XVI.7.T"
"702","XVI.7","XVI.7.W"
"703","XVI.7.1","XVI.7.LR"
"704","XVI.7.2","XVI.7.Live"
"705","XVI.7.3","XVI.7.G1"
"706","XVI.7.4","XVI.7.G2"
"707","XVI.7.6","XVI.7.G3"
"708","XVI.7.7","XVI.7.5.T"
"709","XVI.7.5","XVI.7.5.W"
"710","XVI.7.5.1","XVI.7.5.LR"
"711","XVI.7.5.2","XVI.7.5.Live"
"712","XVI.7.5.3","XVI.7.5.G1"
"713","XVI.7.5.4","XVI.7.5.G2"
"714","XVI.7.5.5","XVI.7.5.G3"
"715","XVI.7.5.6","XVI.8.T"
"716","XVI.8","XVI.8.W"
"717","XVI.8.1","XVI.8.LR"
"718","XVI.8.2","XVI.8.Live"
"719","XVI.8.3","XVI.8.G1"
"720","XVI.8.4","XVI.8.G2"
"721","XVI.8.5","XVI.8.G3"
"722","XVI.8.6","XVI.9.T"
"723","XVI.9","XVI.9.W"
"724","XVI.9.1","XVI.9.LR"
"725","XVI.9.2","XVI.9.Live"
"726","XVI.9.3","XVI.9.G1"
"727","XVI.9.4","XVI.9.G2"
"728","XVI.9.5","XVI.9.G3"
"729","XVI.9.6","XVI.10.T"
"730","XVI.10","XVI.10.W"
"731","XVI.10.1","XVI.10.LR"
"732","XVI.10.2","XVI.10.Live"
"733","XVI.10.3","XVI.10.G1"
"734","XVI.10.4","XVI.10.G2"
"735","XVI.10.5","XVI.10.G3"
"736","XVI.10.6","XVI.11.T"
"737","XVI.11","XVI.11.W"
"738","XVI.11.1","XVI.11.LR"
"739","XVI.11.2","XVI.11.Live"
"740","XVI.11.3","XVI.11.G1"
"741","XVI.11.4","XVI.11.G2"
"742","XVI.11.5","XVI.11.G3"
"743","XVI.11.6","XVI.12.T"
"744","XVI.12","XVI.12.W"
"745","XVI.12.1","XVI.12.LR"
"746","XVI.12.2","XVI.12.Live"
"747","XVI.12.3","XVI.12.G1"
"748","XVI.12.4","XVI.12.G2"
"749","XVI.12.5","XVI.12.G3"
"750","XVI.12.6","XVI.13.T"
"751","XVI.13","XVI.13.W"
"752","XVI.13.1","XVI.13.LR"
"753","XVI.13.2","XVI.13.Live"
"754","XVI.13.3","XVI.13.G1"
"755","XVI.13.4","XVI.13.G2"
"756","XVI.13.5","XVI.13.G3"
"757","XVI.13.6","XVI.14.T"
"758","XVI.14","XVI.14.W"
"759","XVI.14.1","XVI.14.LR"
"760","XVI.14.2","XVI.14.Live"
"761","XVI.14.3","XVI.14.G1"
"762","XVI.14.4","XVI.14.G2"
"763","XVI.14.5","XVI.14.G3"
"764","XVI.14.6","XVI.15.T"
"765","XVI.15","XVI.15.W"
"766","XVI.15.1","XVI.15.LR"
"767","XVI.15.2","XVI.15.Live"
"768","XVI.15.3","XVI.15.G1"
"769","XVI.15.4","XVI.15.G2"
"770","XVI.15.5","XVI.15.G3"
"771","XVI.15.6","XVI.16.T"
"772","XVI.16","XVI.16.W"
"773","XVI.16.1","XVI.16.LR"
"774","XVI.16.2","XVI.16.Live"
"775","XVI.16.3","XVI.16.G1"
"776","XVI.16.4","XVI.16.G2"
"777","XVI.16.5","XVI.16.G3"
"778","XVI.16.6","XVI.17.T"
"779","XVI.17","XVI.17.W"
"780","XVI.17.1","XVI.17.LR"
"781","XVI.17.2","XVI.17.Live"
"782","XVI.17.3","XVI.17.G1"
"783","XVI.17.4","XVI.17.G2"
"784","XVI.17.5","XVI.17.G3"
"785","XVI.17.6","XVI.18.T"
"786","XVI.18","XVI.18.W"
"787","XVI.18.1","XVI.18.LR"
"788","XVI.18.2","XVI.18.Live"
"789","XVI.18.3","XVI.18.G1"
"790","XVI.18.4","XVI.18.G2"
"791","XVI.18.5","XVI.18.G3"
"792","XVI.18.6","XVI.19.T"
"793","XVI.19","XVI.19.W"
"794","XVI.19.1","XVI.19.LR"
"795","XVI.19.2","XVI.19.Live"
"796","XVI.19.3","XVI.19.G1"
"797","XVI.19.4","XVI.19.G2"
"798","XVI.19.5","XVI.19.G3"
"799","XVI.19.6","XVII.A.T"
"800","XVII.A","XVII.A.W"
"801","XVII.A.1","XVII.A.LR"
"802","XVII.A.2","XVII.A.Live"
"803","XVII.A.3","XVII.A.G1"
"804","XVII.A.4","XVII.A.G2"
"805","XVII.A.5","XVII.A.G3"
"806","XVII.A.6","XVII.B.T"
"807","XVII.B","XVII.B.W"
"808","XVII.B.1","XVII.B.LR"
"809","XVII.B.2","XVII.B.Live"
"810","XVII.B.3","XVII.B.G1"
"811","XVII.B.4","XVII.B.G2"
"812","XVII.B.5","XVII.B.G3"
"813","XVII.B.6","XVII.C.T"
"814","XVII.C","XVII.C.W"
"815","XVII.C.1","XVII.C.LR"
"816","XVII.C.2","XVII.C.Live"
"817","XVII.C.3","XVII.C.G1"
"818","XVII.C.4","XVII.C.G2"
"819","XVII.C.5","XVII.C.G3"
"820","XVII.C.6","XVII.D.T"
"821","XVII.D","XVII.D.W"
"822","XVII.D.1","XVII.D.LR"
"823","XVII.D.2","XVII.D.Live"
"824","XVII.D.3","XVII.D.G1"
"825","XVII.D.4","XVII.D.G2"
"826","XVII.D.5","XVII.D.G3"
"827","XVII.D.6","XVII.E.T"
"828","XVII.E","XVII.E.W"
"829","XVII.E.1","XVII.E.LR"
"830","XVII.E.2","XVII.E.Live"
"831","XVII.E.3","XVII.E.G1"
"832","XVII.E.4","XVII.E.G2"
"833","XVII.E.5","XVII.E.G3"
"834","XVII.E.6","XVII.F.T"
"835","XVII.F","XVII.F.W"
"836","XVII.F.1","XVII.F.LR"
"837","XVII.F.2","XVII.F.Live"
"838","XVII.F.3","XVII.F.G1"
"839","XVII.F.4","XVII.F.G2"
"840","XVII.F.5","XVII.F.G3"
"841","XVII.F.6","XVII.G.T"
"842","XVII.G","XVII.G.W"
"843","XVII.G.1","XVII.G.LR"
"844","XVII.G.2","XVII.G.Live"
"845","XVII.G.3","XVII.G.G1"
"846","XVII.G.4","XVII.G.G2"
"847","XVII.G.5","XVII.G.G3"
"848","XVII.G.6","XVII.H.T"
"849","XVII.H","XVII.H.W"
"850","XVII.H.1","XVII.H.LR"
"851","XVII.H.2","XVII.H.Live"
"852","XVII.H.3","XVII.H.G1"
"853","XVII.H.4","XVII.H.G2"
"854","XVII.H.5","XVII.H.G3"
"855","XVII.H.6","XVII.I.T"
"856","XVII.I","XVII.I.W"
"857","XVII.I.1","XVII.I.LR"
"858","XVII.I.2","XVII.I.Live"
"859","XVII.I.3","XVII.I.G1"
"860","XVII.I.4","XVII.I.G2"
"861","XVII.I.5","XVII.I.G3"
"862","XVII.I.6","XVII.J.T"
"863","XVII.J","XVII.J.W"
"864","XVII.J.1","XVII.J.LR"
"865","XVII.J.2","XVII.J.Live"
"866","XVII.J.3","XVII.J.G1"
"867","XVII.J.4","XVII.J.G2"
"868","XVII.J.5","XVII.J.G3"
"869","XVII.J.6","XVII.K.T"
"870","XVII.K","XVII.K.W"
"871","XVII.K.1","XVII.K.LR"
"872","XVII.K.2","XVII.K.Live"
"873","XVII.K.3","XVII.K.G1"
"874","XVII.K.4","XVII.K.G2"
"875","XVII.K.5","XVII.K.G3"
"876","XVII.K.6","XVII.L.T"
"877","XVII.L","XVII.L.W"
"878","XVII.L.1","XVII.L.LR"
"879","XVII.L.2","XVII.L.Live"
"880","XVII.L.3","XVII.L.G1"
"881","XVII.L.4","XVII.L.G2"
"882","XVII.L.5","XVII.L.G3"
"883","XVII.L.6","XVII.M.T"
"884","XVII.M","XVII.M.W"
"885","XVII.M.1","XVII.M.LR"
"886","XVII.M.2","XVII.M.Live"
"887","XVII.M.3","XVII.M.G1"
"888","XVII.M.4","XVII.M.G2"
"889","XVII.M.5","XVII.M.G3"
"890","XVII.M.6","XVII.N.T"
"891","XVII.N","XVII.N.W"
"892","XVII.N.1","XVII.N.LR"
"893","XVII.N.2","XVII.N.Live"
"894","XVII.N.3","XVII.N.G1"
"895","XVII.N.4","XVII.N.G2"
"896","XVII.N.5","XVII.N.G3"
"897","XVII.N.6","XVII.O.T"
"898","XVII.O","XVII.O.W"
"899","XVII.O.1","XVII.O.LR"
"900","XVII.O.2","XVII.O.Live"
"901","XVII.O.3","XVII.O.G1"
"902","XVII.O.4","XVII.O.G2"
"903","XVII.O.5","XVII.O.G3"
"904","XVII.O.6","XVIII.A.T"
"905","XVIII.A","XVIII.A.W"
"906","XVIII.A.1","XVIII.A.LR"
"907","XVIII.A.2","XVIII.A.Live"
"908","XVIII.A.3","XVIII.A.G1"
"909","XVIII.A.4","XVIII.A.G2"
"910","XVIII.A.5","XVIII.A.G3"
"911","XVIII.A.6","XVIII.B.T"
"912","XVIII.B","XVIII.B.W"
"913","XVIII.B.1","XVIII.B.LR"
"914","XVIII.B.2","XVIII.B.Live"
"915","XVIII.B.3","XVIII.B.G1"
"916","XVIII.B.4","XVIII.B.G2"
"917","XVIII.B.5","XVIII.B.G3"
"918","XVIII.B.6","XVIII.C.T"
"919","XVIII.C","XVIII.C.W"
"920","XVIII.C.1","XVIII.C.LR"
"921","XVIII.C.2","XVIII.C.Live"
"922","XVIII.C.3","XVIII.C.G1"
"923","XVIII.C.4","XVIII.C.G2"
"924","XVIII.C.5","XVIII.C.G3"
"925","XVIII.C.6","XVIII.D.T"
"926","XVIII.D","XVIII.D.W"
"927","XVIII.D.1","XVIII.D.LR"
"928","XVIII.D.2","XVIII.D.Live"
"929","XVIII.D.3","XVIII.D.G1"
"930","XVIII.D.4","XVIII.D.G2"
"931","XVIII.D.5","XVIII.D.G3"
"932","XVIII.D.6","XVIII.E.T"
"933","XVIII.E","XVIII.E.W"
"934","XVIII.E.1","XVIII.E.LR"
"935","XVIII.E.2","XVIII.E.Live"
"936","XVIII.E.3","XVIII.E.G1"
"937","XVIII.E.4","XVIII.E.G2"
"938","XVIII.E.5","XVIII.E.G3"
"939","XVIII.E.6","XVIII.F.T"
"940","XVIII.F","XVIII.F.W"
"941","XVIII.F.1","XVIII.F.LR"
"942","XVIII.F.2","XVIII.F.Live"
"943","XVIII.F.3","XVIII.F.G1"
"944","XVIII.F.4","XVIII.F.G2"
"945","XVIII.F.5","XVIII.F.G3"
"946","XVIII.F.6","XVIII.G.T"
"947","XVIII.G","XVIII.G.W"
"948","XVIII.G.1","XVIII.G.LR"
"949","XVIII.G.2","XVIII.G.Live"
"950","XVIII.G.3","XVIII.G.G1"
"951","XVIII.G.4","XVIII.G.G2"
"952","XVIII.G.5","XVIII.G.G3"
"953","XVIII.G.6","XVIII.H.T"
"954","XVIII.H","XVIII.H.W"
"955","XVIII.H.1","XVIII.H.LR"
"956","XVIII.H.2","XVIII.H.Live"
"957","XVIII.H.3","XVIII.H.G1"
"958","XVIII.H.4","XVIII.H.G2"
"959","XVIII.H.5","XVIII.H.G3"
"960","XVIII.H.6","XVIII.I.T"
"961","XVIII.I","XVIII.I.W"
"962","XVIII.I.1","XVIII.I.LR"
"963","XVIII.I.2","XVIII.I.Live"
"964","XVIII.I.3","XVIII.I.G1"
"965","XVIII.I.4","XVIII.I.G2"
"966","XVIII.I.5","XVIII.I.G3"
"967","XVIII.I.6","XVIII.J.T"
"968","XVIII.J","XVIII.J.W"
"969","XVIII.J.1","XVIII.J.LR"
"970","XVIII.J.2","XVIII.J.Live"
"971","XVIII.J.3","XVIII.J.G1"
"972","XVIII.J.4","XVIII.J.G2"
"973","XVIII.J.5","XVIII.J.G3"
"974","XVIII.J.6","XVIII.K.T"
"975","XVIII.K","XVIII.K.W"
"976","XVIII.K.1","XVIII.K.LR"
"977","XVIII.K.2","XVIII.K.Live"
"978","XVIII.K.3","XVIII.K.G1"
"979","XVIII.K.4","XVIII.K.G2"
"980","XVIII.K.5","XVIII.K.G3"
"981","XVIII.K.6","XVIII.L.T"
"982","XVIII.L","XVIII.L.W"
"983","XVIII.L.1","XVIII.L.LR"
"984","XVIII.L.2","XVIII.L.Live"
"985","XVIII.L.3","XVIII.L.G1"
"986","XVIII.L.4","XVIII.L.G2"
"987","XVIII.L.5","XVIII.L.G3"
"988","XVIII.L.6","XVIII.O.T"
"989","XVIII.O","XVIII.O.W"
"990","XVIII.O.1","XVIII.O.LR"
"991","XVIII.O.2","XVIII.O.Live"
"992","XVIII.O.3","XVIII.O.G1"
"993","XVIII.O.4","XVIII.O.G2"
"994","XVIII.O.5","XVIII.O.G3"
"995","XVIII.O.6","XVIII.P.T"
"996","XVIII.P","XVIII.P.W"
"997","XVIII.P.1","XVIII.P.LR"
"998","XVIII.P.2","XVIII.P.Live"
"999","XVIII.P.3","XVIII.P.G1"
"1000","XVIII.P.4","XVIII.P.G2"
"1001","XVIII.P.5","XVIII.P.G3"
"1002","XVIII.P.6","XVIII.Q.T"
"1003","XVIII.Q","XVIII.Q.W"
"1004","XVIII.Q.1","XVIII.Q.LR"
"1005","XVIII.Q.2","XVIII.Q.Live"
"1006","XVIII.Q.3","XVIII.Q.G1"
"1007","XVIII.Q.4","XVIII.Q.G2"
"1008","XVIII.Q.5","XVIII.Q.G3"
"1009","XVIII.Q.6","XVIII.R.T"
"1010","XVIII.R","XVIII.R.W"
"1011","XVIII.R.1","XVIII.R.LR"
"1012","XVIII.R.2","XVIII.R.Live"
"1013","XVIII.R.3","XVIII.R.G1"
"1014","XVIII.R.4","XVIII.R.G2"
"1015","XVIII.R.5","XVIII.R.G3"
"1016","XVIII.R.6","XVIII.S.T"
"1017","XVIII.S","XVIII.S.W"
"1018","XVIII.S.1","XVIII.S.LR"
"1019","XVIII.S.2","XVIII.S.Live"
"1020","XVIII.S.3","XVIII.S.G1"
"1021","XVIII.S.4","XVIII.S.G2"
"1022","XVIII.S.5","XVIII.S.G3"
"1023","XVIII.S.6","XVIII.T.T"
"1024","XVIII.T","XVIII.T.W"
"1025","XVIII.T.1","XVIII.T.LR"
"1026","XVIII.T.2","XVIII.T.Live"
"1027","XVIII.T.3","XVIII.T.G1"
"1028","XVIII.T.4","XVIII.T.G2"
"1029","XVIII.T.5","XVIII.T.G3"
"1030","XVIII.T.6","XVIII.U.T"
"1031","XVIII.U","XVIII.U.W"
"1032","XVIII.U.1","XVIII.U.LR"
"1033","XVIII.U.2","XVIII.U.Live"
"1034","XVIII.U.3","XVIII.U.G1"
"1035","XVIII.U.4","XVIII.U.G2"
"1036","XVIII.U.5","XVIII.U.G3"
"1037","XVIII.U.6","XVIII.V.T"
"1038","XVIII.V","XVIII.V.W"
"1039","XVIII.V.1","XVIII.V.LR"
"1040","XVIII.V.2","XVIII.V.Live"
"1041","XVIII.V.3","XVIII.V.G1"
"1042","XVIII.V.4","XVIII.V.G2"
"1043","XVIII.V.5","XVIII.V.G3"
"1044","XVIII.V.6","XVIII.W.T"
"1045","XVIII.W","XVIII.W.W"
"1046","XVIII.W.1","XVIII.W.LR"
"1047","XVIII.W.2","XVIII.W.Live"
"1048","XVIII.W.3","XVIII.W.G1"
"1049","XVIII.W.4","XVIII.W.G2"
"1050","XVIII.W.5","XVIII.W.G3"
"1051","XVIII.W.6","XVIII.X.T"
"1052","XVIII.X","XVIII.X.W"
"1053","XVIII.X.1","XVIII.X.LR"
"1054","XVIII.X.2","XVIII.X.Live"
"1055","XVIII.X.3","XVIII.X.G1"
"1056","XVIII.X.4","XVIII.X.G2"
"1057","XVIII.X.5","XVIII.X.G3"
"1058","XVIII.X.6","XVIII.Y.T"
"1059","XVIII.Y","XVIII.Y.W"
"1060","XVIII.Y.1","XVIII.Y.LR"
"1061","XVIII.Y.2","XVIII.Y.Live"
"1062","XVIII.Y.3","XVIII.Y.G1"
"1063","XVIII.Y.4","XVIII.Y.G2"
"1064","XVIII.Y.5","XVIII.Y.G3"
"1065","XVIII.Y.6","XVIII.Z.T"
"1066","XVIII.Z","XVIII.Z.W"
"1067","XVIII.Z.1","XVIII.Z.LR"
"1068","XVIII.Z.2","XVIII.Z.Live"
"1069","XVIII.Z.3","XVIII.Z.G1"
"1070","XVIII.Z.4","XVIII.Z.G2"
"1071","XVIII.Z.5","XVIII.Z.G3"
"1072","XVIII.Z.6","XIXA.T"
"1073","XIXA","XIXA.W"
"1074","XIXA.1","XIXA.LR"
"1075","XIXA.2","XIXA.Live"
"1076","XIXA.3","XIXA.G1"
"1077","XIXA.4","XIXA.G2"
"1078","XIXA.5","XIXA.G3"
"1079","XIXA.6","XIXB.T"
"1080","XIXB","XIXB.W"
"1081","XIXB.1","XIXB.LR"
"1082","XIXB.2","XIXB.Live"
"1083","XIXB.3","XIXB.G1"
"1084","XIXB.4","XIXB.G2"
"1085","XIXB.5","XIXB.G3"
"1086","XIXB.6","XIXC.T"
"1087","XIXC","XIXC.W"
"1088","XIXC.1","XIXC.LR"
"1089","XIXC.2","XIXC.Live"
"1090","XIXC.3","XIXC.G1"
"1091","XIXC.4","XIXC.G2"
"1092","XIXC.5","XIXC.G3"
"1093","XIXC.6","XIXD.T"
"1094","XIXD","XIXD.W"
"1095","XIXD.1","XIXD.LR"
"1096","XIXD.2","XIXD.Live"
"1097","XIXD.3","XIXD.G1"
"1098","XIXD.4","XIXD.G2"
"1099","XIXD.5","XIXD.G3"
"1100","XIXD.6","XIXE.T"
"1101","XIXE","XIXE.W"
"1102","XIXE.1","XIXE.LR"
"1103","XIXE.2","XIXE.Live"
"1104","XIXE.3","XIXE.G1"
"1105","XIXE.4","XIXE.G2"
"1106","XIXE.5","XIXE.G3"
"1107","XIXE.6","XIXF.T"
"1108","XIXF","XIXF.W"
"1109","XIXF.1","XIXF.LR"
"1110","XIXF.2","XIXF.Live"
"1111","XIXF.3","XIXF.G1"
"1112","XIXF.4","XIXF.G2"
"1113","XIXF.5","XIXF.G3"
"1114","XIXF.6","XIXG.T"
"1115","XIXG","XIXG.W"
"1116","XIXG.1","XIXG.LR"
"1117","XIXG.2","XIXG.Live"
"1118","XIXG.3","XIXG.G1"
"1119","XIXG.4","XIXG.G2"
"1120","XIXG.5","XIXG.G3"
"1121","XIXG.6","XIXH.T"
"1122","XIXH","XIXH.W"
"1123","XIXH.1","XIXH.LR"
"1124","XIXH.2","XIXH.Live"
"1125","XIXH.3","XIXH.G1"
"1126","XIXH.4","XIXH.G2"
"1127","XIXH.5","XIXH.G3"
"1128","XIXH.6","XIXI.T"
"1129","XIXI","XIXI.W"
"1130","XIXI.1","XIXI.LR"
"1131","XIXI.2","XIXI.Live"
"1132","XIXI.3","XIXI.G1"
"1133","XIXI.4","XIXI.G2"
"1134","XIXI.5","XIXI.G3"
"1135","XIXI.6","XXA.T"
"1136","XXA","XXA.W"
"1137","XXA.1","XXA.LR"
"1138","XXA.2","XXA.Live"
"1139","XXA.3","XXA.G1"
"1140","XXA.4","XXA.G2"
"1141","XXA.5","XXA.G3"
"1142","XXA.6","XXB.T"
"1143","XXB","XXB.W"
"1144","XXB.1","XXB.LR"
"1145","XXB.2","XXB.Live"
"1146","XXB.3","XXB.G1"
"1147","XXB.4","XXB.G2"
"1148","XXB.5","XXB.G3"
"1149","XXB.6","XXC.T"
"1150","XXC","XXC.W"
"1151","XXC.1","XXC.LR"
"1152","XXC.2","XXC.Live"
"1153","XXC.3","XXC.G1"
"1154","XXC.4","XXC.G2"
"1155","XXC.5","XXC.G3"
"1156","XXC.6","XXD.T"
"1157","XXD","XXD.W"
"1158","XXD.1","XXD.LR"
"1159","XXD.2","XXD.Live"
"1160","XXD.3","XXD.G1"
"1161","XXD.4","XXD.G2"
"1162","XXD.5","XXD.G3"
"1163","XXD.6","XXE.T"
"1164","XXE","XXE.W"
"1165","XXE.1","XXE.LR"
"1166","XXE.2","XXE.Live"
"1167","XXE.3","XXE.G1"
"1168","XXE.4","XXE.G2"
"1169","XXE.5","XXE.G3"
"1170","XXE.6","XXF.T"
"1171","XXF","XXF.W"
"1172","XXF.1","XXF.LR"
"1173","XXF.2","XXF.Live"
"1174","XXF.3","XXF.G1"
"1175","XXF.4","XXF.G2"
"1176","XXF.5","XXF.G3"
"1177","XXF.6","XXG.T"
"1178","XXG","XXG.W"
"1179","XXG.1","XXG.LR"
"1180","XXG.2","XXG.Live"
"1181","XXG.3","XXG.G1"
"1182","XXG.4","XXG.G2"
"1183","XXG.5","XXG.G3"
"1184","XXG.6","XXH.T"
"1185","XXH","XXH.W"
"1186","XXH.1","XXH.LR"
"1187","XXH.2","XXH.Live"
"1188","XXH.3","XXH.G1"
"1189","XXH.4","XXH.G2"
"1190","XXH.5","XXH.G3"
"1191","XXH.6","XXI.T"
"1192","XXI","XXI.W"
"1193","XXI.1","XXI.LR"
"1194","XXI.2","XXI.Live"
"1195","XXI.3","XXI.G1"
"1196","XXI.4","XXI.G2"
"1197","XXI.5","XXI.G3"
"1198","XXI.6","XXJ.T"
"1199","XXJ","XXJ.W"
"1200","XXJ.1","XXJ.LR"
"1201","XXJ.2","XXJ.Live"
"1202","XXJ.3","XXJ.G1"
"1203","XXJ.4","XXJ.G2"
"1204","XXJ.5","XXJ.G3"
"1205","XXJ.6","XXK.T"
"1206","XXK","XXK.W"
"1207","XXK.1","XXK.LR"
"1208","XXK.2","XXK.Live"
"1209","XXK.3","XXK.G1"
"1210","XXK.4","XXK.G2"
"1211","XXK.5","XXK.G3"
"1212","XXK.6","XXL.T"
"1213","XXL","XXL.W"
"1214","XXL.1","XXL.LR"
"1215","XXL.2","XXL.Live"
"1216","XXL.3","XXL.G1"
"1217","XXL.4","XXL.G2"
"1218","XXL.5","XXL.G3"
"1219","XXL.6","XXM.T"
"1220","XXM","XXM.W"
"1221","XXM.1","XXM.LR"
"1222","XXM.2","XXM.Live"
"1223","XXM.3","XXM.G1"
"1224","XXM.4","XXM.G2"
"1225","XXM.5","XXM.G3"
"1226","XXM.6","XXN.T"
"1227","XXN","XXN.W"
"1228","XXN.1","XXN.LR"
"1229","XXN.2","XXN.Live"
"1230","XXN.3","XXN.G1"
"1231","XXN.4","XXN.G2"
"1232","XXN.5","XXN.G3"
"1233","XXN.6","XXO.T"
"1234","XXO","XXO.W"
"1235","XXO.1","XXO.LR"
"1236","XXO.2","XXO.Live"
"1237","XXO.3","XXO.G1"
"1238","XXO.4","XXO.G2"
"1239","XXO.5","XXO.G3"
"1240","XXO.6","XXP.T"
"1241","XXP","XXP.W"
"1242","XXP.1","XXP.LR"
"1243","XXP.2","XXP.Live"
"1244","XXP.3","XXP.G1"
"1245","XXP.4","XXP.G2"
"1246","XXP.5","XXP.G3"
"1247","XXP.6","XXI.A.T"
"1248","XXI.A","XXI.A.W"
"1249","XXI.A.1","XXI.A.LR"
"1250","XXI.A.2","XXI.A.Live"
"1251","XXI.A.3","XXI.A.G1"
"1252","XXI.A.4","XXI.A.G2"
"1253","XXI.A.5","XXI.A.G3"
"1254","XXI.A.6","XXI.B.T"
"1255","XXI.B","XXI.B.W"
"1256","XXI.B.1","XXI.B.LR"
"1257","XXI.B.2","XXI.B.Live"
"1258","XXI.B.3","XXI.B.G1"
"1259","XXI.B.4","XXI.B.G2"
"1260","XXI.B.5","XXI.B.G3"
"1261","XXI.B.6","XXI.C.T"
"1262","XXI.C","XXI.C.W"
"1263","XXI.C.1","XXI.C.LR"
"1264","XXI.C.2","XXI.C.Live"
"1265","XXI.C.3","XXI.C.G1"
"1266","XXI.C.4","XXI.C.G2"
"1267","XXI.C.5","XXI.C.G3"
"1268","XXI.C.6","XXI.D.T"
"1269","XXI.D","XXI.D.W"
"1270","XXI.D.1","XXI.D.LR"
"1271","XXI.D.2","XXI.D.Live"
"1272","XXI.D.3","XXI.D.G1"
"1273","XXI.D.4","XXI.D.G2"
"1274","XXI.D.5","XXI.D.G3"
"1275","XXI.D.6","XXI.E.T"
"1276","XXI.E","XXI.E.W"
"1277","XXI.E.1","XXI.E.LR"
"1278","XXI.E.2","XXI.E.Live"
"1279","XXI.E.3","XXI.E.G1"
"1280","XXI.E.4","XXI.E.G2"
"1281","XXI.E.5","XXI.E.G3"
"1282","XXI.E.6","XXI.F.T"
"1283","XXI.F","XXI.F.W"
"1284","XXI.F.1","XXI.F.LR"
"1285","XXI.F.2","XXI.F.Live"
"1286","XXI.F.3","XXI.F.G1"
"1287","XXI.F.4","XXI.F.G2"
"1288","XXI.F.5","XXI.F.G3"
"1289","XXI.F.6","XXI.G.T"
"1290","XXI.G","XXI.G.W"
"1291","XXI.G.1","XXI.G.LR"
"1292","XXI.G.2","XXI.G.Live"
"1293","XXI.G.3","XXI.G.G1"
"1294","XXI.G.4","XXI.G.G2"
"1295","XXI.G.5","XXI.G.G3"
"1296","XXI.G.6","XXI.H.T"
"1297","XXI.H","XXI.H.W"
"1298","XXI.H.1","XXI.H.LR"
"1299","XXI.H.2","XXI.H.Live"
"1300","XXI.H.3","XXI.H.G1"
"1301","XXI.H.4","XXI.H.G2"
"1302","XXI.H.5","XXI.H.G3"
"1303","XXI.H.6","XXI.I.T"
"1304","XXI.I","XXI.I.W"
"1305","XXI.I.1","XXI.I.LR"
"1306","XXI.I.2","XXI.I.Live"
"1307","XXI.I.3","XXI.I.G1"
"1308","XXI.I.4","XXI.I.G2"
"1309","XXI.I.5","XXI.I.G3"
"1310","XXI.I.6","XXI.J.T"
"1311","XXI.J","XXI.J.W"
"1312","XXI.J.1","XXI.J.LR"
"1313","XXI.J.2","XXI.J.Live"
"1314","XXI.J.3","XXI.J.G1"
"1315","XXI.J.4","XXI.J.G2"
"1316","XXI.J.5","XXI.J.G3"
"1317","XXI.J.6","XXI.K.T"
"1318","XXI.K","XXI.K.W"
"1319","XXI.K.1","XXI.K.LR"
"1320","XXI.K.2","XXI.K.Live"
"1321","XXI.K.3","XXI.K.G1"
"1322","XXI.K.4","XXI.K.G2"
"1323","XXI.K.5","XXI.K.G3"
"1324","XXI.K.6","XXI.L.T"
"1325","XXI.L","XXI.L.W"
"1326","XXI.L.1","XXI.L.LR"
"1327","XXI.L.2","XXI.L.Live"
"1328","XXI.L.3","XXI.L.G1"
"1329","XXI.L.4","XXI.L.G2"
"1330","XXI.L.5","XXI.L.G3"
"1331","XXI.L.6","XXI.M.T"
"1332","XXI.M","XXI.M.W"
"1333","XXI.M.1","XXI.M.LR"
"1334","XXI.M.2","XXI.M.Live"
"1335","XXI.M.3","XXI.M.G1"
"1336","XXI.M.4","XXI.M.G2"
"1337","XXI.M.5","XXI.M.G3"
"1338","XXI.M.6","XXI.N.T"
"1339","XXI.N","XXI.N.W"
"1340","XXI.N.1","XXI.N.LR"
"1341","XXI.N.2","XXI.N.Live"
"1342","XXI.N.3","XXI.N.G1"
"1343","XXI.N.4","XXI.N.G2"
"1344","XXI.N.5","XXI.N.G3"
"1345","XXI.N.6","XXI.O.T"
"1346","XXI.O","XXI.O.W"
"1347","XXI.O.1","XXI.O.LR"
"1348","XXI.O.2","XXI.O.Live"
"1349","XXI.O.3","XXI.O.G1"
"1350","XXI.O.4","XXI.O.G2"
"1351","XXI.O.5","XXI.O.G3"
"1352","XXI.O.6","XXII.A.T"
"1353","XXII.A","XXII.A.W"
"1354","XXII.A.1","XXII.A.LR"
"1355","XXII.A.2","XXII.A.Live"
"1356","XXII.A.3","XXII.A.G1"
"1357","XXII.A.4","XXII.A.G2"
"1358","XXII.A.5","XXII.A.G3"
"1359","XXII.A.6","XXII.B.T"
"1360","XXII.B","XXII.B.W"
"1361","XXII.B.1","XXII.B.LR"
"1362","XXII.B.2","XXII.B.Live"
"1363","XXII.B.3","XXII.B.G1"
"1364","XXII.B.4","XXII.B.G2"
"1365","XXII.B.5","XXII.B.G3"
"1366","XXII.B.6","XXII.C.T"
"1367","XXII.C","XXII.C.W"
"1368","XXII.C.1","XXII.C.LR"
"1369","XXII.C.2","XXII.C.Live"
"1370","XXII.C.3","XXII.C.G1"
"1371","XXII.C.4","XXII.C.G2"
"1372","XXII.C.5","XXII.C.G3"
"1373","XXII.C.6","XXII.D.T"
"1374","XXII.D","XXII.D.W"
"1375","XXII.D.1","XXII.D.LR"
"1376","XXII.D.2","XXII.D.Live"
"1377","XXII.D.3","XXII.D.G1"
"1378","XXII.D.4","XXII.D.G2"
"1379","XXII.D.5","XXII.D.G3"
"1380","XXII.D.6","XXII.E.T"
"1381","XXII.E","XXII.E.W"
"1382","XXII.E.1","XXII.E.LR"
"1383","XXII.E.2","XXII.E.Live"
"1384","XXII.E.3","XXII.E.G1"
"1385","XXII.E.4","XXII.E.G2"
"1386","XXII.E.5","XXII.E.G3"
"1387","XXII.E.6","XXII.F.T"
"1388","XXII.F","XXII.F.W"
"1389","XXII.F.1","XXII.F.LR"
"1390","XXII.F.2","XXII.F.Live"
"1391","XXII.F.3","XXII.F.G1"
"1392","XXII.F.4","XXII.F.G2"
"1393","XXII.F.5","XXII.F.G3"
"1394","XXII.F.6","XXII.G.T"
"1395","XXII.G","XXII.G.W"
"1396","XXII.G.1","XXII.G.LR"
"1397","XXII.G.2","XXII.G.Live"
"1398","XXII.G.3","XXII.G.G1"
"1399","XXII.G.4","XXII.G.G2"
"1400","XXII.G.5","XXII.G.G3"
"1401","XXII.G.6","XXII.H.T"
"1402","XXII.H","XXII.H.W"
"1403","XXII.H.1","XXII.H.LR"
"1404","XXII.H.2","XXII.H.Live"
"1405","XXII.H.3","XXII.H.G1"
"1406","XXII.H.4","XXII.H.G2"
"1407","XXII.H.5","XXII.H.G3"
"1408","XXII.H.6","XXII.I.T"
"1409","XXII.I","XXII.I.W"
"1410","XXII.I.1","XXII.I.LR"
"1411","XXII.I.2","XXII.I.Live"
"1412","XXII.I.3","XXII.I.G1"
"1413","XXII.I.4","XXII.I.G2"
"1414","XXII.I.5","XXII.I.G3"
"1415","XXII.I.6","XXII.J.T"
"1416","XXII.J","XXII.J.W"
"1417","XXII.J.1","XXII.J.LR"
"1418","XXII.J.2","XXII.J.Live"
"1419","XXII.J.3","XXII.J.G1"
"1420","XXII.J.4","XXII.J.G2"
"1421","XXII.J.5","XXII.J.G3"
"1422","XXII.J.6","XXII.K.T"
"1423","XXII.K","XXII.K.W"
"1424","XXII.K.1","XXII.K.LR"
"1425","XXII.K.2","XXII.K.Live"
"1426","XXII.K.3","XXII.K.G1"
"1427","XXII.K.4","XXII.K.G2"
"1428","XXII.K.5","XXII.K.G3"
"1429","XXII.K.6","XXII.L.T"
"1430","XXII.L","XXII.L.W"
"1431","XXII.L.1","XXII.L.LR"
"1432","XXII.L.2","XXII.L.Live"
"1433","XXII.L.3","XXII.L.G1"
"1434","XXII.L.4","XXII.L.G2"
"1435","XXII.L.5","XXII.L.G3"
"1436","XXII.L.6","XXII.M.T"
"1437","XXII.M","XXII.M.W"
"1438","XXII.M.1","XXII.M.LR"
"1439","XXII.M.2","XXII.M.Live"
"1440","XXII.M.3","XXII.M.G1"
"1441","XXII.M.4","XXII.M.G2"
"1442","XXII.M.5","XXII.M.G3"
"1443","XXII.M.6","XXII.N.T"
"1444","XXII.N","XXII.N.W"
"1445","XXII.N.1","XXII.N.LR"
"1446","XXII.N.2","XXII.N.Live"
"1447","XXII.N.3","XXII.N.G1"
"1448","XXII.N.4","XXII.N.G2"
"1449","XXII.N.5","XXII.N.G3"
"1450","XXII.N.6","XXII.O.T"
"1451","XXII.O","XXII.O.W"
"1452","XXII.O.1","XXII.O.LR"
"1453","XXII.O.2","XXII.O.Live"
"1454","XXII.O.3","XXII.O.G1"
"1455","XXII.O.4","XXII.O.G2"
"1456","XXII.O.5","XXII.O.G3"
"1457","XXII.O.6","XXII.P.T"
"1458","XXII.P","XXII.P.W"
"1459","XXII.P.1","XXII.P.LR"
"1460","XXII.P.2","XXII.P.Live"
"1461","XXII.P.3","XXII.P.G1"
"1462","XXII.P.4","XXII.P.G2"
"1463","XXII.P.5","XXII.P.G3"
"1464","XXII.P.6","XXII.Q.T"
"1465","XXII.Q","XXII.Q.W"
"1466","XXII.Q.1","XXII.Q.LR"
"1467","XXII.Q.2","XXII.Q.Live"
"1468","XXII.Q.3","XXII.Q.G1"
"1469","XXII.Q.4","XXII.Q.G2"
"1470","XXII.Q.5","XXII.Q.G3"
"1471","XXII.Q.6","XXII.R.T"
"1472","XXII.R","XXII.R.W"
"1473","XXII.R.1","XXII.R.LR"
"1474","XXII.R.2","XXII.R.Live"
"1475","XXII.R.3","XXII.R.G1"
"1476","XXII.R.4","XXII.R.G2"
"1477","XXII.R.5","XXII.R.G3"
"1478","XXII.R.6","XXII.S.T"
"1479","XXII.S","XXII.S.W"
"1480","XXII.S.1","XXII.S.LR"
"1481","XXII.S.2","XXII.S.Live"
"1482","XXII.S.3","XXII.S.G1"
"1483","XXII.S.4","XXII.S.G2"
"1484","XXII.S.5","XXII.S.G3"
"1485","XXII.S.6","XXII.T.T"
"1486","XXII.T","XXII.T.W"
"1487","XXII.T.1","XXII.T.LR"
"1488","XXII.T.2","XXII.T.Live"
"1489","XXII.T.3","XXII.T.G1"
"1490","XXII.T.4","XXII.T.G2"
"1491","XXII.T.5","XXII.T.G3"
"1492","XXII.T.6","XXII.U.T"
"1493","XXII.U","XXII.U.W"
"1494","XXII.U.1","XXII.U.LR"
"1495","XXII.U.2","XXII.U.Live"
"1496","XXII.U.3","XXII.U.G1"
"1497","XXII.U.4","XXII.U.G2"
"1498","XXII.U.5","XXII.U.G3"
"1499","XXII.U.6","XXII.V.T"
"1500","XXII.V","XXII.V.W"
"1501","XXII.V.1","XXII.V.LR"
"1502","XXII.V.2","XXII.V.Live"
"1503","XXII.V.3","XXII.V.G1"
"1504","XXII.V.4","XXII.V.G2"
"1505","XXII.V.5","XXII.V.G3"
"1506","XXII.V.6","XXII.W.T"
"1507","XXII.W","XXII.W.W"
"1508","XXII.W.1","XXII.W.LR"
"1509","XXII.W.2","XXII.W.Live"
"1510","XXII.W.3","XXII.W.G1"
"1511","XXII.W.4","XXII.W.G2"
"1512","XXII.W.5","XXII.W.G3"
"1513","XXII.W.6","XXII.X.T"
"1514","XXII.X","XXII.X.W"
"1515","XXII.X.1","XXII.X.LR"
"1516","XXII.X.2","XXII.X.Live"
"1517","XXII.X.3","XXII.X.G1"
"1518","XXII.X.4","XXII.X.G2"
"1519","XXII.X.5","XXII.X.G3"
"1520","XXII.X.6","XXII.Y.T"
"1521","XXII.Y","XXII.Y.W"
"1522","XXII.Y.1","XXII.Y.LR"
"1523","XXII.Y.2","XXII.Y.Live"
"1524","XXII.Y.3","XXII.Y.G1"
"1525","XXII.Y.4","XXII.Y.G2"
"1526","XXII.Y.5","XXII.Y.G3"
"1527","XXII.Y.6","XXII.Z.T"
"1528","XXII.Z","XXII.Z.W"
"1529","XXII.Z.1","XXII.Z.LR"
"1530","XXII.Z.2","XXII.Z.Live"
"1531","XXII.Z.3","XXII.Z.G1"
"1532","XXII.Z.4","XXII.Z.G2"
"1533","XXII.Z.5","XXII.Z.G3"
"1534","XXII.Z.6","XXII.ZA.T"
"1535","XXII.ZA","XXII.ZA.W"
"1536","XXII.ZA.1","XXII.ZA.LR"
"1537","XXII.ZA.2","XXII.ZA.Live"
"1538","XXII.ZA.3","XXII.ZA.G1"
"1539","XXII.ZA.4","XXII.ZA.G2"
"1540","XXII.ZA.5","XXII.ZA.G3"
"1541","XXII.ZA.6","XXIII.A.T"
"1542","XXIII.A","XXIII.A.W"
"1543","XXIII.A.1","XXIII.A.LR"
"1544","XXIII.A.2","XXIII.A.Live"
"1545","XXIII.A.3","XXIII.A.G1"
"1546","XXIII.A.4","XXIII.A.G2"
"1547","XXIII.A.5","XXIII.A.G3"
"1548","XXIII.A.6","XXIII.B.T"
"1549","XXIII.B","XXIII.B.W"
"1550","XXIII.B.1","XXIII.B.LR"
"1551","XXIII.B.2","XXIII.B.Live"
"1552","XXIII.B.3","XXIII.B.G1"
"1553","XXIII.B.4","XXIII.B.G2"
"1554","XXIII.B.5","XXIII.B.G3"
"1555","XXIII.B.6","XXIII.C.T"
"1556","XXIII.C","XXIII.C.W"
"1557","XXIII.C.1","XXIII.C.LR"
"1558","XXIII.C.2","XXIII.C.Live"
"1559","XXIII.C.3","XXIII.C.G1"
"1560","XXIII.C.4","XXIII.C.G2"
"1561","XXIII.C.5","XXIII.C.G3"
"1562","XXIII.C.6","XXIII.D.T"
"1563","XXIII.D","XXIII.D.W"
"1564","XXIII.D.1","XXIII.D.LR"
"1565","XXIII.D.2","XXIII.D.Live"
"1566","XXIII.D.3","XXIII.D.G1"
"1567","XXIII.D.4","XXIII.D.G2"
"1568","XXIII.D.5","XXIII.D.G3"
"1569","XXIII.D.6","XXIII.E.T"
"1570","XXIII.E","XXIII.E.W"
"1571","XXIII.E.1","XXIII.E.LR"
"1572","XXIII.E.2","XXIII.E.Live"
"1573","XXIII.E.3","XXIII.E.G1"
"1574","XXIII.E.4","XXIII.E.G2"
"1575","XXIII.E.5","XXIII.E.G3"
"1576","XXIII.E.6","XXIII.F.T"
"1577","XXIII.F","XXIII.F.W"
"1578","XXIII.F.1","XXIII.F.LR"
"1579","XXIII.F.2","XXIII.F.Live"
"1580","XXIII.F.3","XXIII.F.G1"
"1581","XXIII.F.4","XXIII.F.G2"
"1582","XXIII.F.5","XXIII.F.G3"
"1583","XXIII.F.6","XXIII.G.T"
"1584","XXIII.G","XXIII.G.W"
"1585","XXIII.G.1","XXIII.G.LR"
"1586","XXIII.G.2","XXIII.G.Live"
"1587","XXIII.G.3","XXIII.G.G1"
"1588","XXIII.G.4","XXIII.G.G2"
"1589","XXIII.G.5","XXIII.G.G3"
"1590","XXIII.G.6","XXIII.H.T"
"1591","XXIII.H","XXIII.H.W"
"1592","XXIII.H.1","XXIII.H.LR"
"1593","XXIII.H.2","XXIII.H.Live"
"1594","XXIII.H.3","XXIII.H.G1"
"1595","XXIII.H.4","XXIII.H.G2"
"1596","XXIII.H.5","XXIII.H.G3"
"1597","XXIII.H.6","XXIII.I.T"
"1598","XXIII.I","XXIII.I.W"
"1599","XXIII.I.1","XXIII.I.LR"
"1600","XXIII.I.2","XXIII.I.Live"
"1601","XXIII.I.3","XXIII.I.G1"
"1602","XXIII.I.4","XXIII.I.G2"
"1603","XXIII.I.5","XXIII.I.G3"
"1604","XXIII.I.6","XXIII.J.T"
"1605","XXIII.J","XXIII.J.W"
"1606","XXIII.J.1","XXIII.J.LR"
"1607","XXIII.J.2","XXIII.J.Live"
"1608","XXIII.J.3","XXIII.J.G1"
"1609","XXIII.J.4","XXIII.J.G2"
"1610","XXIII.J.5","XXIII.J.G3"
